title,release_year,price,description,imdb_id,poster_url
Minions,2015,19.99,"Minions Stuart, Kevin and Bob are recruited by Scarlet Overkill, a super-villain who, alongside her inventor husband Herb, hatches a plot to take over the world.",tt2293640,MV5BMTg2MTMyMzU0M15BMl5BanBnXkFtZTgwOTU3ODk4NTE@._V1_SX214_AL_.jpg
Despicable Me,2010,14.99,"When a criminal mastermind uses a trio of orphan girls as pawns for a grand scheme, he finds their love is profoundly changing him for the better.",tt1323594,"MV5BMTY3NjY0MTQ0Nl5BMl5BanBnXkFtZTcwMzQ2MTc0Mw@@._V1_SY317_CR0,0,214,317_AL_.jpg"
Despicable Me 2,2013,17.99,"When Gru, the world's most super-bad turned super-dad has been recruited by a team of officials to stop lethal muscle and a host of Gru's own, He has to fight back with new gadgetry, cars, and more minion madness.",tt1690953,"MV5BMjExNjAyNTcyMF5BMl5BanBnXkFtZTgwODQzMjQ3MDE@._V1_SY317_CR0,0,214,317_AL_.jpg"
Frozen,2013,19.99,"When the newly crowned Queen Elsa accidentally uses her power to turn things into ice to curse her home in infinite winter, her sister, Anna, teams up with a mountain man, his playful reindeer, and a snowman to change the weather condition.",tt2294629,MV5BMTQ1MjQwMTE5OF5BMl5BanBnXkFtZTgwNjk3MTcyMDE@._V1_SX214_AL_.jpg
Big Hero 6,2014,18.99,"The special bond that develops between plus-sized inflatable robot Baymax, and prodigy Hiro Hamada, who team up with a group of friends to form a band of high-tech heroes.",tt2245084,"MV5BMjI4MTIzODU2NV5BMl5BanBnXkFtZTgwMjE0NDAwMjE@._V1_SY317_CR0,0,214,317_AL_.jpg"
"Monsters, Inc.",2001,15.99,"In order to power the city, monsters have to scare children so that they scream. However, the children are toxic to the monsters, and after a child gets through, two monsters realize things may not be what they think.",tt0198781,MV5BMTY1NTI0ODUyOF5BMl5BanBnXkFtZTgwNTEyNjQ0MDE@._V1_SX214_AL_.jpg
How to Train Your Dragon,2010,13.99,A hapless young Viking who aspires to hunt dragons becomes the unlikely friend of a young dragon himself and learns there may be more to the creatures than he assumed.,tt0892769,MV5BMjA5NDQyMjc2NF5BMl5BanBnXkFtZTcwMjg5ODcyMw@@._V1_SX214_AL_.jpg
Up,2009,19.99,"Seventy-eight year old Carl Fredricksen travels to Paradise Falls in his home equipped with balloons, inadvertently taking a young stowaway.",tt1049413,MV5BMTk3NDE2NzI4NF5BMl5BanBnXkFtZTgwNzE1MzEyMTE@._V1_SX214_AL_.jpg
Finding Nemo,2003,12.99,"After his son is captured in the Great Barrier Reef and taken to Sydney, a timid clownfish sets out on a journey to bring him home.",tt0266543,"MV5BMTY1MTg1NDAxOV5BMl5BanBnXkFtZTcwMjg1MDI5Nw@@._V1_SY317_CR0,0,214,317_AL_.jpg"
WALLâ€¡E,2008,11.99,"In the distant future, a small waste-collecting robot inadvertently embarks on a space journey that will ultimately decide the fate of mankind.",tt0910970,"MV5BMTczOTA3MzY2N15BMl5BanBnXkFtZTcwOTYwNjE2MQ@@._V1_SY317_CR0,0,214,317_AL_.jpg"
Toy Story,1995,9.99,A cowboy doll is profoundly threatened and jealous when a new spaceman figure supplants him as top toy in a boy's room.,tt0114709,"MV5BMTgwMjI4MzU5N15BMl5BanBnXkFtZTcwMTMyNTk3OA@@._V1_SY317_CR12,0,214,317_AL_.jpg"
Toy Story 2,1999,12.99,"When Woody is stolen by a toy collector, Buzz and his friends vow to rescue him, but Woody finds the idea of immortality in a museum tempting.",tt0120363,"MV5BMTQ0OTU0NTcyNl5BMl5BanBnXkFtZTcwOTk5Mjc4OA@@._V1_SY317_CR12,0,214,317_AL_.jpg"